aabybro
aachen
aachen west
aalbaek denmark
aalborg
aalen
aarau
aarhus
aarjaeng
aars
aarsta
abano terme
abbeville
aberdeen
aberfeldy
abergavenny monmouthshire
abilene
abingdon
abington
abu
accrington
achim uphusen
acireale
acquafredda
acton
ada
adamas
adana
adare
addison
adeje
adelboden
adelphi
adelsdorf
adrian
aegina island
aerogare cedex
affi
affton
ag ioannis theologos
agaro
agaro girona
agen
agerskov
aghios nikolaos
aghios nikolaos crete
agii apostoli
agios nikitas
agoura hills
agra
agrigento
agropoli
ahlbeck
ahlbeck seebad
ahmedabad
ahrensburg
aiken
aix en provence
aix provence
ajaccio
ajmer
akita
akron
aksdal
al
alabaster
alameda
alamo
alamogordo
alanya
alassio
albacete
albany
albarracin
albemarle
albert lea
albertville
albi
albion
albolote
albufeira
albufereta
albuquerque
alcala guadaira
alcala henares
alcazar san juan
alcolea del pinar
aldersbach
alderwood manor-bothell north
aldine
alencon
ales
alesund
alexander city
alexandria
alfafar
algarve
algeciras
algonquin
algrave
alhambra
alicante
alice
alingsaas
aliquippa
allahabad
allborg
allee des mimosas arcachon
allen
allen park
allentown
allesley
allgau
alliance
allouez
almeria
almora
almtal
almusafes
aloha
alondra park
alpena
alpharetta
alphaville
alphen aan den rijh
alsasua
alsip
alta
altadena
altamont
altamonte springs
altavilla vicentina
altea
altenerding
alton
altoona
altopascio lucca
altotting
altus
alvesta s
alvin
alvor
alvor portimao
alwar
alzey
alzira
amalfi
amarillo
amberg
ambleside
amboise
ameland
american fork
americus
amersfoort
ames
amesbury
amherst
amiens
amorgos
ampudia palenci
amritsar
amsterdam
anaconda-deer lodge county
anacortes
anaheim
anavyssos
anchorage
ancona
and thermale france dax
andermatt
anderson
andorra
andorra la vella
andorra la vella ad
andorra vella
andover
andreas hofer strasse schlande
andrews
andrews afb
andros
andujar
angermuende
angers
anghiari
anglet
angleton
angouleme
angra dos reis
angre dos reis
ankara
ankeny
ann arbor
annaberg chemnitz
annan
annandale
annapolis
annecy
annemasse
anniston
anoka
ans
ansereme
anshan
ansonia
antalya
antibes
antigua
antioch
antofagasta
antwerp
anyer java
aosta
apache junction
apartado ibarra
apopka
appenzell
apple valley
appleton
applewood
appoigny
apricale
aquiraz
aracaju
arad
aranda duero
araraquara
arbutus
arcachon
arcadia
arcata
arcidosso
arcugnano
arden-arcade
ardmore
arendal
arequipa
arezzo
argolida
argonay
arguineguin gran canaria
arguis
argyll
arkadelphia
arkansas city
arkhangelsk
arlanda
arles
arles cedex
arlington
arlington heights
armacao pera portimao
armagh
arnedo
arnhem
arnold
arnsberg
arona
arosa
arras
arrowtown
arroyo grande
arta
artesia
artimino
arundel
arvada
arvika
arzon
asbury park
aschau
ascheberg
ascona
ascot
asendorf
ashby de la zouch
asheboro
asheville
ashford
ashland
ashtabula
ashwaubenon
asis bastia umbra
asker
askersund
askim
asnieres
asolo
aspen hill
asperg ludwigsburg
assisi
asti
astoria
astrakhan
asturias
asuncion
atascadero
atchison
athens
atlanta
atlantic beach
atlantic city
attica
attleboro
atwater
aubenas
aubervilliers
auburn
auburn hills
auch
auchterarder
auckland
audierne
audrieu
auggen hach
augsburg
augusta
aulnay sous bois
aurangabad
auribeau sur siagne
aurillac
aurora
austin
austintown
australian capital
autun
auxerre
avallon
ave monclar les chaumes montau
aveiro
avenel
aventura
avermes
avesta
aviemore
avignon
avignon montfav
avila
aviles
avocado heights
avon lake
avondale
aydin
aylesbury
ayr
ayrshire
az voorburg
azohia
azuqueca henares
azusa
azzate
baar
babenhausen
babylon
bad aibling
bad arolsen
bad bergzabern
bad bevensen
bad blankenburg
bad bramstedt
bad brueckenau
bad doberan
bad driburg
bad duerkheim
bad freienwalde
bad gastein
bad goegging
bad harzburg
bad herrenalb
bad hoevedorp
bad homburg
bad kissingen
bad kohlgrub
bad kosen
bad kreuznach
bad krozingen
bad laasphe
bad langensalza
bad malente
bad mergentheim
bad nauheim
bad nenndorf
bad neuenahr
bad neuenahr ahrweiler
bad oeynhausen
bad peterstal
bad pyrmont
bad ragaz
bad reichenhall
bad rodach
bad salzuflen
bad sassendorf
bad schmiedeberg
bad schwartau
bad soden
bad steben
bad tatzmannsdorf
bad urach
bad wildungen
bad wimpfen
bad windsheim
bad woerishofen
bad zurzach
bad zwischenahn
badajoz
baden
baden baden
baden wuerttemberg
baden wuerttemberg sindelfinge
badenweiler
badgastein
badhoevedorpe
badplass
baeza
bagni tivoli
bagno romagna
bagnolet
bagnols
bagnols sur cez
bagshot
bahia
baiersbronn
baihar
bailen
bailey's crossroads
bailleul
bainbridge
baix
baker
bakersfield
baksta
balaruc les bains
balaton foldvar
balbriggan
balch springs
baldwin
baldwin park
balestrand
bali
ballater
ballsbridge
ballwin
ballygally
balneario camboriu
baltimore
bamberg
bamkya
banbury
bandar lampung
bandun west java
bandung
banff
bangalore
bangor
banning
banos
bantry bay
baotou
barbera del valles
barberey
barberton
barbizon
barcelona
bardolino
bardufoss
bari
bariloche
barlborough
barleben
barnet
barnsley
barnstaple
baroda
barquisimeto
barrington
barsinghausen
barstow
barth
bartholomae
bartlesville
bartlett
barton stacey
barton under needwood
bartow
barueri
basel
basel muttenz
basildon
basildon rayleigh
basingstoke
bassano del grappa
bastrop
batam island
batavia
bath
bathgate
baton rouge
battipaglia
battle
battle creek
batubelig beach
baule
bauru
bautzen
bavaria sankt englmar
bay city
bay of plenty
bay shore
bay village
bayeux
bayonet point
bayonne
bayou cane
bayreuth
bayshore gardens
bayswater
baytown
baywood-los osos
beachwood
beacon
beaminster
beatenberg
beatrice
beaucouze
beaulieu sur mer
beaumont
beaune
beaune cedex
beausoleil
beaver dam
beaver falls
beavercreek
beaverton
beberibe
bebra
beckley
bederkesa
bedford
bedford heights
beech grove
beecher
beekbergen
beetsterzwaag
beeville
beihai
beijing
beilngries
beitostolen
bekasi
bel air north
bel air south
belem
belfast
belgium
belgorod
bell
bell gardens
bellagio
bellair-meadowbrook terrace
bellaire
belle glade
bellefontaine
bellefontaine neighbors
belleville
bellevue
bellflower
bellingham
bellinzona
bellmawr
bellmore
bellview
bellwood
belmont
belo horizonte
beloit
belper
belton
beltsville
belvedere park
belvidere
bemidji
benbrook
bend
benicasim
benicasim castellon
benicia
benidorm
benitses
benmore
benodet
benoni
bensenville
bensheim
bento goncalves
benton
benton harbor
bentonville
berea
berga
bergamo
bergen
bergen auf rugen
bergen op zoom
bergenfield
bergisch gladbach
berkeley
berkeley heights
berkin
berkley
berkshire
berkswell
berlin
bern
berne
bernese oberland
bernkastel kues
berwang
berwick
berwyn
besancon
bessemer
bestwig ostwig
betera
bethany
bethel park
bethesda
bethlehem
bethpage
bettendorf
betzendorf
beverley
beverly
beverly hills
bex vaud
bexhill on sea
bexley
beynost
bezons
bharatpur
bhimtal
bhopal
bhubaneswar
biarritz
biasca ticino
bicker bar
biddeford
bideford
biedenkopf
biel bienne
biel ipsach
bielefeld
bielsko biala
biersdorf
big rapids
big spring
biggar
bijayanagar
bikaner
bikaner rajasthan
bilbao
bilbrough streeton
billings
billingshurst
billum
biloxi
binghamton
binissalem mallorca
bintan
binz
biri
birkenwerder
birmingham
birtley
bishopcourt
bismarck
bitterfeld
bivigliano
bivio
bjorlinge
blacklick estates
blackpool
blacksburg
blagnac
blagoveschensk
blaine
blanc mesnil
blarney
blaustein
bleibach breisgau
blenheim
bloemfontein
blois
blommenslyst
bloomfield
bloomfield township
bloomingdale
bloomington
bloomsburg
bloomsbury
blore
blue ash
blue island
blue springs
bluefield
blumenau
blyth
blytheville
boadilla del monte
boardman
bobigny
bobingen
boca del mar
boca raton
bochum
bochum wattenscheid
boden
bodensee
bodo
bodrum
boeblingen
boekelo
bogalusa
bogense
bogota
bois boulogne
boise
bokel
boksburg
boldon
bolingbrook
bollene
bologna
bolton
bolvir de cerda
bolzano
bombay
bon air
boncelles
bonchamp les la
bondues
bonita
bonita springs
bonn
bonnieux
boo guarnizo
boone
bordeaux
bordeaux lac
borders
bordesley west midland
borgaro
borger
borkum
bort l etang
bosch duin the
bosschenhoofd
bossier city
boston
bostonia
bothell
bouchs
bougival
boulder
boulder city
bouliac
boulogne
boulogne billancourt
boulogne sur mer
bountiful
bourbonnais
bourenemourth
bourg bresse
bourges
bourget lac
bournemouth
bournemouth dorset
boverbru
boves
bovingdon
bowie
bowling green
bowness on wind
bowthorpe
box abano
box venezia
boynton beach
bozeman
bracciano
bracknell
bradenton
bradford
bradford on avon
bradley
braga
braganca
brainerd
braintree
bramsche
bramstedt
brande
brandenburg
brandenburg ludwigsfelde
brandon
brantome
brasilia
braunlage
braunschweig
brawley
braxted
bray
brazilia
brea
brecksville
breda
bregenz
brehna
breim
breisach
brekke
bremen
bremerhave
bremerhaven
bremerton
brenham
brent
brentwood
bresca
brescia
bressanone brixen
brest
bretigny sur orge
breuil cervinia
breuil cervinia ao
breuna
briatico
brick township
bridgend
bridgenorth
bridgeport
bridgeton
bridgetown north
bridgeview
brierley hill
brigantine
brigham city
brighton
brignoles
brimbergen
brindisi
briollay
brisighella
bristol
brive
brive cedex
brno
broadview heights
broadway
brobyvaerk
brockenhurst
brockton
broken arrow
bromma
bromsgrove
bromyard
bron
bronchales teruel
bronnoysund
brook park
brookfield
brookhaven
brookings
brookline
brooklyn
brooklyn center
brooklyn park
brookside
broomall
broomfield
brown deer
brown mills
brownsville
brownwood
bruchsal
brueggen
bruehl
bruges
brugge
brugnera
brujas
bruma
bruneck reischach
brunnen
brunswick
brussels
bruxelles
bryan
bryn mawr-skyway
btme tirajana
bucharest
buchen
buchholz steinbeck
buckingham
bucyrus
budapes
budapest
buena park
buena ventura lakes
buenos aires
buffalo
buffalo grove
bukittinggi
bulkington
bullhead city
bunnik
burbank
burg spreewald
burgdorf
burgenstock
burgos
burien
burkburnett
burke
burlada
burleson
burlingame
burlington
burnley
burnsville
burton
burton on trent
bury
bury st edmunds
bussigny
bussum
bussy st georg
bussy st georges
butler
butte-silver bow
buxton
buzios
bydgoszcz
cabo frio
cabourg
caceres
cadillac
cadiz
caen
cagliari sardinia
cagnes sur mer
cahokia
cala mayor mallorca
cala ratjada
cala sant vicen
calacoto
calafell
calahorra
calais
calama
calatayud
calcutta
caldogno
caldwell
calexico
callantsoog
callaway
calpe
calumet city
calverton
calvi
calvia
calw
camari
camarillo
cambridge
cambrils
camden
cameron park
camigliatello silano
camogli
camp lejeune central
camp mar
camp pendleton north
camp pendleton south
camp springs
campbell
campi bisenzio
campinas
campo bom
campo grande
campogalliano
campora san giovanni
campos do jordao
campos jordao
camps bay
canandaigua
canazei
cancale
candler-mcafee
canela
canet de berenguer
canfranc
canico
cannes
cannes mougins
cannet
cannobio
canon city
cansaulim
canterbury
canterbury kent
canton
canyon
canyon rim
cap d ail
capaccio
cape coral
cape girardeau
cape town
capital federal
capitola
capo vaticano
capodrise caserta
capoliveri isle elba
capri
caracas
carbondale
carcassone
carcassonne
carcassonne ced
carcavelos
cardano campo
cardiff
carlisle
carlsbad
carmel
carmichael
carnac
carnac cedex
carney
carnot-moon
carol city
carol stream
carolina jaen
carourg
carpasio
carpentersville
carpinteria
carquefou thouare
carrboro
carrickfergus
carrollton
carrollwood village
carson
carson city
cartagena
cartaxo
carteret
cartersville
carthage
carvin
carvoeiro
cary
casa de oro-mount helix
casa grande
casale sul sile
casandrino
cascade-fairwood
cascais
cascavel
caselle di sommacampagna
casole elsa
casper
casselberry
castel d azzano
castel rigone
castel volturno
castelfiorentino firenz
castellar hug
castelldefels
castelldelfels
castellina
castellon
castelvetro
castillon dugar
castle bar
castle doningto
castlewood
castro valley
castrop rauxel
castrovillari
catamarca
catania
catanzaro falerna lido
catarroja
catelo branco
cathedral city
catiglione orcia
catonsville
caudan
causeway bay
cava dei tirreni
cavaillon
cavan
cave spring
cayce
cedar city
cedar falls
cedar grove
cedar hill
cedar rapids
cefalu sicily
celerina
celle
cenerente
censello balsamo
center point
centereach
centerville
central falls
central islip
central manchester
centralia
centreville
cephalonia
cerdanyola
ceres
cergy
cergy pontoise
cernay la ville
cerritos
cesano maderno
cesson sevigne
chacaito
chacao caracas
chadderton
chagny
chalkida
chalkidiki
chalmette
chalon sur saone
chalons sur marne
chambersburg
chambery
chamonix
chamonix mont blanc
champaign
champillon epernay
champlin
champniers
champs sur marne
chandigarh
chandler
changchun
changsha
changzhou
chanhassen
chania
chania crete
channai
channelview
chantelaillon plage
chantepie
chantilly
chaoyang district
chapel hill
charbonnieres
charenton le pont
charleroi
charleston
charlotte
charlottesville
chartre
chartres
chaska
chasse sur rhone
chasseneuil du poitou
chasseneuil poitou
chateau arnoux
chateauroux
chatel guyon clermont ferrand
chatellerault cedex
chatham
chatillon
chattanooga
cheboksary
cheektowaga
chelles
chelmsford
chelsea
cheltenham
chelyabinsk
chemnitz
chemnitz roehrsdorf
chengdu
chengdu sichuan
chengzhou
chennai
chenove
cherbourg
cherry hill
cherryland
chesapeake
cheshire
chesnay
chester
chesterfield
chexbres
cheyenne
chianciano terme
chiavari
chiba
chicago
chicago heights
chicago ridge
chickasha
chiclayo
chico
chicopee
chilches
chillicothe
chillum
chilly mazarin
chingford
chino
chino hills
chinon
chios
chippenham
chippewa falls
chipping campden
chissay
chitose
cholet
chongqing
chorin
christchurch
christiansburg
christiansfeld
chula vista
chur
church stretton
cicero
cilaos reunion island
cimarron hills
cincinnati
cinnaminson
cinquale
circleville
cirencester
citrus heights
citta di castello
cittadella
city of the dalles
ciudad real
claix
clare
clare ennis
claremont
claremore
clark
clarksburg
clarksdale
clarksville
classeneuil
clawson
claye souilly
clayton
clearfield
clearlake
clearwater
cleburne
clemson
cleobury mortim
cleon
clermont
clermont ferrand
cleveland
cleveland heights
clichy
clifden
cliffside park
clifton
climping
clinton
clitheroe
clonakilty
cloquet
cloverleaf
clovis
clydebank
co cork
co galway
co wexford
coachella
coatesville
coburg
cochin
cockeysville
cocoa
cocoa beach
coconut creek
coelbe
coeur d'alene
coffeyville
cognac
cogolin
cohoes
coimbatore
coimbra
coin
colares
colchester
cole bay
colesville
colkata
colle val delsa
colle val elsa
college
college park
college station
collegien
colleyville
collierville
collingswood
collinsville
colmar
cologne
colone
colonia
colonial heights
colonial park
colorado springs
colton
columbia
columbia heights
columbine
columbus
colwyn
commack
commerce
commerce city
como
comodoro rivadavia
compiegne cedex
compton
concepcion
concord
cong
conil frontera
conneaut
connemara
connersville
conning towers-nautilus park
conroe
consenza
constantina
conway
cookeville
coon rapids
cooper city
coos bay
copenhagen
copiague
coppell
copperas cove
coquelles calais
coral gables
coral hills
coral springs
coral terrace
coralville
coram
corbeil essonnes
corbera llobregat
corbett
corby
corcoran
cordele
cordoba
corfu
corinth
cork
cornella llobregat
corning
cornwall
corona
coronado
corpus christi
corralejo
corse
corsicana
cortina ampezzo
cortina dampezzo
cortland
corvallis
corvara
corvara badia
coshocton
costa adeje
costa brava
costa caparica
costa cascais
costa de caparica
costa malaga
costa mesa
costa sauipe
cote azur
cotronei
cottage grove
cottbus
cottonwood heights
cottonwood west
coudray
council bluffs
country club hills
county clare
county durnham
county kerry
courbevoie
courbovoie
courcelles touraine
courcelles vesle
courcheval cede
courchevel
courcouronnes
courmayer
coventry
covigliaio
covina
covington
covington-sawyer-wilderness
cracow
craigellachie
cranford
crans montana
cranston
crawfordsville
crawley
creixomil guimaraes
cremona
crepy en valois
crest hill
crestwood
crete
creteil
creve coeur
crewe
crick
crillon le brav
crissier
croeffelbach
crofton
cross lanes
crotone
crowley
crown point
crowthorne
croydon
crystal
crystal lake
csepreg bei buk
cuckfield
cudahy
cuenca
cuidad real
cullman
cully
culver city
cumana
cumberland
cumbria
cuneo
cupertino
curitiba
curzay sur vonne
cusco
cutler
cutler ridge
cutlerville
cuxhaven
cuyahoga falls
cuzco
cypress
cypress lake
czestochowa
czestochowoi
dachet
dahlwitz hoppegarten
dale city
dalen telemark
dalian
dallas
dalton
daly city
dana point
danbury
dania
danvers
danville
daphne
darby
darby township
dardilly
darien
darjeeling
darlington
darmstadt
dartford
dartmouth
dasing
dassel luethorst
daugavpils
daun vulkaneifel
davenport
daventry
davie
davis
davos
davos dorf
davos platz
dax
dax country
dayton
daytona beach
de
de kalb
de land
de pere
dearborn
dearborn heights
deauville
decatur
dedham
deer park
deerfield
deerfield beach
defiance
deggendorf
dehradun
deidesheim
del city
del rio
delano
delaware
delbruck
delgany
delhi
delitzsch
delmenhorstgermany
delphi
delray beach
deltona
deming
denison
denizli pamukkale
denpasar
denpasar bali
denton
dentsville
denver
depew
derby
derbyshire
derdeport
derio
derry
dersau
des carolingiens yutz
des moines
des plaines
desert hot springs
desoto
dessau
detmold
detroit
dettelbach
deutsch wagram
deventer
devon
deya majorca
diamante
diamond bar
diano marina
dickinson
diegem
dieppe
dietikon
diez
dijon
diksmuide
dimaro
dinant
dinard
dinkelsbuehl
dinklage
dinuba
dipperz friesenhausen
dist chattarpur madhya pradesh
dist pali rajasthan
dist umaria bandhavgarh
distt balaghat kanha
distt idukki
distt nainital
distt rajsamand
ditzingen
divonne
divonne les bains
dix hills
dixon
diyarbakir
dlephi
dnipropetrovsk
dobrich
dodge city
dole
dolton
dombas
dommeldange
donaueschingen
donauworth
doncaster
donetsk
dongguan
donna
dorchester
dorchester on thames
dordogne
dorking
dormagen
dornoch
dorset
dortmund
dothan
douai
douglas
douglasville
dovedale
dover
dovreskogen
downers grove
downey
draguignan
drammen
drangedal
dresden
dreux
drexel hill
druid hills
duarte
dublin
dubrounik
dubuque
dudeldorf
dudley
duesseldofr
duesseldorf
duisburg
duluth
dumas
dumbarton
dumbarton glasg
dumont
dunadry
dunbartonshire
dunblane
duncan
duncanville
dundalk
dundee
dunedin
dunfermline
dungarpur
dunkirk
dunmore
dunstable
dunwoody
durango
durant
durban
durgapur
durham
durnstein
dusseldorf
dyer
dyersburg
eagan
eagle pass
easley
east brainerd
east brunswick
east chicago
east cleveland
east foothills
east grand rapids
east hartford
east haven
east hemet
east highland park
east hill-meridian
east islip
east kilbride
east lansing
east las vegas
east liverpool
east los angeles
east massapequa
east meadow
east midlands
east millcreek
east moline
east naples
east norriton
east northport
east orange
east palo alto
east patchogue
east peoria
east point
east providence
east renton highlands
east ridge
east riverdale
east rockaway
east san gabriel
east st. louis
east sussex
east wenatchee bench
eastbourne
eastchester
eastcote pinner
eastern cape
eastlake
easton
eastpointe
eatontown
eau claire
ebeltoft
ebeltoft denmark
ebendorf
ebnat kappel
ebreichsdorf
ecorse
eden
eden prairie
edgewater
edgewood
edina
edinburg
edinburgh
edipsos
edison
edmond
edmonds
edwardsville
effingham
egerkingen
egham
egilsstadir
egina
egion
egletons
egypt lake
eh dordrecht
eidfjord
eimke
einbeck
eindhoven
eisenach
eisenach stedtf
eisenstadt
ejido almeria
ekaterinburg
ekero
el cajon
el calafate
el campello
el campo
el centro
el cerrito
el dorado
el ejido
el monte
el paso
el paso de robles 
el paso de robles (paso robles)
el reno
el segundo
el toro
elba
elche
elfers
elgin
elizabeth
elizabeth city
elizabethton
elizabethtown
elk city
elk grove
elk grove village
elk plain
elk river
elkhart
elko
elkridge
ellensburg
ellesmere port
ellicott city
ellmau
elmhurst
elmira
elmont
elmwood park
elounda
eltville erbach
elwood
ely
elyria
emmaus
emmen
emmersdorf
empangeni
emporia
empuriabrava
emsworth
encamp
encinitas
endicott
endwell
engelsbach
enghien les bains
englewood
enid
enkoping
ennis
ennis clare
enschede
enskede
ensley
enterprise
epe
epen
ephrata
epinal
epinay sur seine
eragny
erba
erbusco franciacorta
eressos
eretria
eretria evia island
erfurt
erie
erkath
erlangen
erlanger
ernakulam
es mata da praia
esbjerg
escaldes
escanaba
escarrilla
eschborn
eschwege
escondido
eskilstuna
esperance
espinho
espoo
esposende
essel
essen
essex
essomes sur marne
estado
estartit
estelle
estepona
estoril
etienne rouvray
etne
etoloakarnania
ettlingen
euclid
eufaula
eugene
euless
eunice
eureka
eustis
evans
evanston
evansville
evanton
everett
evergreen
evergreen park
evesham
evia
evian cedex
evian haute savoie
evian les bains
evora
evreux
evry
ewa beach
ewing
excelsior springs
exeter
extertal
faaborg
faberoues
fagernes
fair lawn
fair oaks
fairbanks
fairborn
fairfax
fairfield
fairland
fairmont
fairmount
fairview
fairview heights
fairview park
fairview shores
falaise
fall river
fallbrook
falmouth
falsled milling
fargo
faribault
farlede
farmers branch
farmington
farmington hills
farmingville
farnborough
farnham
faro
farragut
farum
fasano
fatima
fatima codex
favaro veneto
faverges de le
faversham
fayetteville
featherstone
federal way
fei
feldberg baerental
feldkirch
fere en tardenois
fergus falls
ferguson
fern creek
ferndale
ferney voltaire
ferrand
ferrara
ferrare
ferrat
ferrieres en brie
ferrol
ferry pass
feuchtwangen
feusisberg
fiano romano
fiesole
fife
figline valdormo
filderstadt
fillmore
filskov grindsted
filzmoos
finchley
findlay
finneytown
finnsnes
finspaang
finstadjordet
fira
firenze
first colony
fishers
fitchburg
fitjar
fiuggi
fiuggi fonte
fjerritslev
flagstaff
flensburg
flims
flims waldhaus
flint
floral park
florence
florence-graham
florianopolis
florida ridge
florin
florissant
floro
flower mound
flowing wells
foggia
folegandros
folhestone
foligno
folkestone
follina
folsom
fond du lac
fontainbleau
fontainebleau
fontana
fontenay
fontenay sous b
fontignano
fontvieille
foothill farms
fords
forest city
forest grove
forest hill
forest hills
forest park
forestdale
forestville
forio
forli
forres
forrest city
fort atkinson
fort benning south
fort bliss
fort bragg
fort campbell north
fort carson
fort collins
fort dix
fort dodge
fort drum
fort hood
fort hunt
fort knox
fort lauderdale
fort lee
fort leonard wood
fort lewis
fort madison
fort meade
fort myers
fort payne
fort pierce
fort polk south
fort riley north
fort sill
fort smith
fort stewart
fort thomas
fort walton beach
fort washington
fort wayne
fort worth
fortaleza
forte dei marmi
fossalta
foster city
fostoria
fountain hills
fountain valley
four corners
fourmies
foz do iguacu
foz iguacu
foz iguacu parana
framingham
francavilla sul sinni
france
franconia
franeker
frankenberg
frankenthal
frankfort
frankfurt
franklin
franklin park
franklin square
franz josef
franz josef gla
frasdorf
fraser
frechen
frederick
fredericksburg
fredonia
freehold
freeport
freiburg
freiburg breisgau
freising
freital
frejus
fremont
fresno
freudenstadt
fribourg
fridley
friedrichroda
friedrichshafen
friedrichsruhe
friendswood
friville escarbotin
front royal
frouard
ft st john
ftan
fuengirola
fuenlabrada
fuerstenfeldbruck
fuerstenwalde
fuerteventura
fuerth
fuessen
fueteheridos
fukuoka
fukuoka city
fukuyama
fulda
fullerton
fulton
funchal
furnes
furth west
fuscaldo
futuroscope
futuroscope chasseneuil
futuroscope chsseneuil
fuzhou
gadbjerg denmark
gadsden
gaertringen
gaevle
gaffney
gahanna
gaiche
gaillard
gaillon
gaines school
gainesville
gaithersburg
galatina
galena park
galesburg
galion
gallatin
gallen
gallenkirch
gallipoli
gallipoli torre inserra
gallivare
gallup
galveston
galway
gamagori
gambarie
ganderkesee
gangtok
gantt
garching
garden city
garden grove
gardena
gardenview
garderen
gardermoen
gardner
garfield
garfield heights
garges les gonesse
gariep
garland
garlenda
garmisch
garmisch partenkirchen
garner
garve
gary
gaschurn
gassin
gasteiz
gastonia
gates-north gates
gatesville
gatteo a mare
gatwick
gauhati
gautier
gavle
gaya
gaziantep
gdansk
gdonski
gdynia
geast didsbury
geisenheim
geispolsheim
geldrop
gelsenkirchen
geneva
geneve
genk
genk li
gennes
gennevilliers
genoa
genova
genova nervi
gent
gentilly
genval
genzano roma
george
georgetown
gera
gerardner cedex
gerenzano
gerlingen
germantown
gescher
ghent
gianyar
gianyar regency
giardini naxos
gieres
gifhorn
gifu city
gijon
gilbert
gillette
gillingham
gilroy
gioisa marea
girard
girona
gjoevik
gjovik
glacerie
gladeview
gladstone
glanmire
glascow
glasgow
glashutte
glassboro
glattbrugg
glen avon
glen burnie
glen cove
glen ellyn
glen rock
glendale
glendale heights
glendora
glenfarg
glenorchy
glenrothes
glens falls
glenvar heights
glenview
glifada
glin
glion
gliwice
glostrup
glottertal
gloucesrershire
gloucester
gloucester city
gloucestershire
gloversville
glyfada
gmunden
gnesta
goa
goch
godault
goecek fethiye mugla
goeppingen
goerlitz
goeteborg
goettingen
gohren lebbin
goiania
gol
golden
golden gate
golden glades
golden valley
goldenrod
goldon common
goldsboro
golfo aranci
gomel
gonesse
goodings grove
goodlettsville
goose creek
gordes
gorizia
goshen
goslar
goslar hahnenklee
gotha
gothenburg
gourock
goussainville
gouvieux chantilly
goyt valley
grafenau
graham
grahamstown
gram denmark
gramat
gran canaria
granada
grand duchy of
grand forks
grand haven
grand island
grand junction
grand prairie
grand rapids
grand terrace
grande motte
grandview
grandville
granger
granite city
granolles
grantham
grants pass
grao castellon
grapevine
grasellenbach
grassau
grasse
grays
graz
grazalema
great abington
great baddow
great bend
great falls
great yarmouth
greater northdale
greater upper marlboro
greece
greeley
green bay
green haven
green river
green valley
greenacres city
greenbelt
greendale
greeneville
greenfield
greenlawn
greensboro
greensburg
greenville
greenwood
greer
grefath
greffen
greifswald
grenaa
grenada
grenoble
gresham
gressoney trinite
gretna
grevesmuehlen
greymouth
griesheim
griffin
griffith
grigny
grimsby
grimstad
grindelwald
groningen
groot drakenstein
gross gerau
grossbeeren
grossbettlingen
grossburgwedel
grosse pointe farms
grosse pointe park
grosse pointe woods
grosseto
grottaferrata
grove
grove city
grover city
groves
groveton
gruyeres
gstaad
guadalajara
guang dong
guangzhou
guarapari
guaratingueta
guardavalle
guaria
guaruja
guarulhos
guayaquil
gubbio
gudvangen
guelzow
guernsey
guglingen
guidonia monte
guildford
guildford sureey
guilin
guillena
guimaraes
gulf gate estates
gulfport
gummersbach
gunzburg
gurgaon
gurnee
gutach bleibach
guthrie
gwent
gyor
gythion
hachinohe
hacienda heights
hackensack
hadamar
haddington lothians
haddonfield
haderslev
hadsten
haenertsburg
haeselgehr lech
hagen
hagersten
hagerstown
haidmuhle
haines city
halawa
halifax
halkidiki
hall tirol
hallandale
hallbergmoos
halle
halle saale
hallingdal
halmstad
haltom city
hamamatsu shizuoka
hamar
hamburg
hamburg bergedo
hameenlinna
hameln
hamilton
hamm
hamm sieg
hammerfest
hammersmith
hamminkeln mari
hammocks
hammond
hammonton
hampshire
hampton
hampton court
hampton township
hamptons at boca raton
hamtramck
hanahan
hanau
hanford
hangzhou
hannibal
hanno
hannover
hannover anderten
hanover
hanover park
hanover township
hanstedt
hanstrijdom ave
harbin
haren
harfleur
haridwar uttar pradesh
harker heights
harlingen
harlington heathrow
harlow
haro
haro la rioja
harpenden
harper woods
harrachov
harrisburg
harrison
harrison township
harrisonburg
harrogate
harrogate north yorkshire
harrow
harrow middlesex
harstad
hartenstein
hartford
hartmannsdorf
hartselle
harvey
haryana
hasbrouck heights
haslett
hassan
hasselt
hastings
hattenheim im r
hattiesburg
hattingen
hauenstein
haugesund
hauppauge
havant
havelock
haverhill
havixbeck
havneby romo denmark
havre
hawaiian gardens
hawkes bay
hawkshead
hawthorne
hayes
hayesville
hayingen indelhausen
hays
hayward
hazel crest
hazel park
hazelwood
hazleton
hazyview
hd bad valkenbu
headington
heelsum
heerlen
heidelberg
heidenheim
heigenbruecken
heiligenhaus
heitersheim
helena
helgoland
hell
hellas
hellas lakonia
hellendoorn
hellesdon
hellingly
helmsley
helmstadt
helmstedt
helsingborg
helsinge
helsingor
helsington
helsinki
hemel hempstead
hemet
hempstead
hemsedal
hendaye
henderson
hendersonville
hennebont
hennef uckerath
hennigsdorf
heraklion
hercules
herdecke
hereford
heringsdorf
herleshausen
herlev
hermanus
hermiston
hermitage
hermosa beach
herndon
herning
herouville sain
herouville st clair
herrenberg
herrin
hershey
hersonissou
hertfordshire
hertogenbosch
herzlake aselage
hesperia
heston
heviz
heywood
hialeah
hibbing
hickory
hickory hills
hicksville
high point
high wycombe
highland
highland park
highland springs
highlands ranch
highpoint
highview
hilden
hildesheim
hildesheim none
hillandale
hillcrest heights
hillerod
hilliard
hillsboro
hillsborough
hillside
hilo
hilton head island
hilversum
himachal prades
hindelang
hinesville
hinsdale
hinterzarten
hiroshima
hirschberg
hirschegg
hitzacker
hjallerup
hjo
hjoerring
hluhuwe
hobart
hobbs
hobe sound
hoboken
hochgurgl
hockenheim
hoedspruit
hoerstel bevergern
hoexter
hof
hoffman estates
hofheim taunus
hohen demzin
hohenau
hohwacht ostee
hokitika
hokkaido
holbaek
holbrook
holiday
holiday city-berkeley
holladay-cottonwood
holland
hollins
hollister
holly hill
hollywood
holstebro
holt
holtsville
holyoke
homestead
homewood
honefoss
honfleur
hong kong
honningsvaag
honolulu
hoofddorp
hoover
hopatcong
hopewell
hopkins
hopkinsville
horche
horely
horgau
horley surrey
hornchurch
hornitz zittau
hornslet
horsham
horten
horumersiel
horwich bolton
hospitalet
hot springs
houdemont
houma
hounslow
hounslow middle
houston
hovborg
hovden
hove
hoyerswerda
huber heights
huddersfield
hudiksvall
hudson
huelva
huerth
huesca
hueytown
huisduinen
huizen
hull
humble
hundested
hungerford
huntington
huntington beach
huntington park
huntington station
huntsville
hurley
huron
hurst
husavik
huskvarna
husum
hutchinson
hvalpsund farso
hvidbjerg
hyannis
hyattsville
hybla valley
hyderabad
hydra
hydra island
hyeres
hyogo
hyvinkaa
ibiza
idaho falls
idylwood
ieper
ige
igis tyrol
igls
igualada
iguazu
iguazu falls
iii region
ikast
ilchester
ile de france
ilford
ilica
ilkeston
ilkley
illetas
illetas mallorca
illkirch
illovo beach
illzach
ilsenburg
imatra
immokalee
imperatriz
imperial beach
impruneta
inba gun chiba
indaiatuba
independence
indiana
indianapolis
indianola
indio
indore
ingelheim
inglewood
inglewood-finn hill
ingolstadt
inkster
innsbruck
interlaken
inver grove heights
inveraray
inverness
inverness shire
inverurie
ioannina
ios
iowa city
ipatinga
iphofen
ipojuca
ipswich
ipswich suffolk
iquique
iquitos
iraklion
iraklion crete
ireland
irene
irkutsk
irmo
irondequoit
ironton
irun
irvine
irving
irvington
ischgl
ischia
ischia forio
iselin
isernhagen
ishigaki
ising
isla cristina huelva
isla margarita
isla vista
island de ibiza
island of mykon
island of paros
isle of anglese
isle of man
isle of skye
isles les villenoy
islip
isola capo rizzuto
isola varano
issy les moulineaux
istanbul
istantbul
istres
italu
itanagar
itapema
ithaca
ithaki
ivano frankovsk
ives estates
ivry sur seine
izmir
jaca
jackson
jacksonville
jacksonville beach
jaipur
jaiselmer
jakarta
jalandhar
jambi sumatra
jamestown
jammu
jamnagar
jamshedpur
janesville
jaragua do sul
jasmine estates
jasper
jeannette
jefferson
jefferson city
jefferson valley-yorktown
jeffersontown
jeffersonville
jelenia gova
jena
jenison
jennings
jerez de la frontera
jerez fontera
jericho
jersey
jersey city
jessheim
jevnaker
jiana
jkbsi
joao pessoa
jodhpur
joenkoeping
joensuu
johannesburg
johnson city
johnstown
joigny
joinville
joinville pont
jokkmokk
joliet
jollyville
jonesboro
jonkoeping
jonkoping
jonquera
joplin
joppatowne
jossigny
joutsa
jouy aux arches
jouy en josas
jouy josas
juan les pins
juist
junction city
jundial
juneau
jupiter
jurmala
justice
jyllinge
jyvaskyla
kaast
kaatsheuvel
kabardinka gelendzhik
kahului
kaikoura
kailua
kainsbach
kaiser augustus strasse bad go
kaiserslautern
kajaani
kalamata
kalamazoo
kalampaka
kaliningrad
kalispell
kalisz
kallikratia
kallithea
kallithea kassandra
kalmar
kamari
kampusu bursa
kanagwa ken
kanazawa
kandersteg
kaneohe
kaneohe station
kangra
kankakee
kannapolis
kanpur
kansas city
kaprun
karabuk
karangasem
karasjok
karben
kardemomme
karhula
karlovy vary
karlshamn
karlskoga
karlskrona
karlsruhe
karlstad
karpacz jelenia gora
karvag
kassandra
kassel
kastellaun
kastrup
katowice
katra
kaufbeuren
kaukauna
kaunas
kautokeino
kavala
kawagoe
kawasaki shi
kaysville
keansburg
kearney
kearns
kearny
keene
kefallinia
kefalonia
kefalonia island
keflavik
keizer
keller
kelso
kelsterbach
kemi
kempton park
ken caryl
kendale lakes
kendall
kenilworth
kenmare
kenmore
kenner
kennett
kennewick
kenosha
kent
kent daz
kentwood
keokuk
keriyar thekkady
kerken bei kref
kerkyra
kernen
kernersville
kerrville
keswick
keswick derwentwater keswick
keszthely
kettering
kettwig
kewanee
key largo
key west
khabarovsk
khajuraho
khandala
kharkiv
kidderminster
kiel
kiel raisdorf
kielce province kielce
kiev
kihei
kilgore
kilkenny
kill
killarney
killeen
killiney bay
killorgin
kilmarnock
kimberley
king of prussia
kingdom of fife
kingman
kings lynn
kings park
kings point
kingsbridge
kingsgate
kingsport
kingston
kingston bagpuize
kingsville
kingwood
kinross
kinston
kirkenes
kirkland
kirksville
kirkwood
kirschau
kissamou
kissimmee
kista
kitakyushu
kithnos
kitzbuehel
kitzbuehl
kitzbuhel
kitzbuhel tirol
klagenfurt
klaipeda
klaipeda lithauania
klamath falls
kleinmachnow
klerksdorp
klingenberg
kloster zinna
klosters
kloten
knottingley
knoxville
knutsford
knysna
kobe
kobe shi hyogo
koblenz
kochi
kodaikanal tamilnadu
koeln
koenigstein taunus
koenigswinter
koeping
koetschlitz
kokobrzeg
kokomo
kolbotn
kolbrzeg
kolding
kolkata
komotini
kongsvinger
konigswinter
konstanz
korba
korsor
kortrijk
kos
koserow
kosi
kostroma
kota rajasthan
kotka
kottayam
kouvola
kovalam
kowloon
krakow
kramfors
krasnodar
krasnoyarsk
kremlin bicêtre
kriegstetten
kriens
krinz seefeld
kristiansand
kristianstad
kristiansund
kronberg
kuehlungsborn
kuessnacht am rigi
kuju
kulmbach
kumbalgarh
kunming
kuopio
kupio
kursk
kurt schumacher strasse werne
kusadasi
kushiro
kuta
kuta bali
kwazulu natal
kyiv
kyoto
kyrksaeterora
la canada flintridge
la chapelle de guinchay
la chapelle en serval
la chapelle saint luc
la chaussee st victor
la coruna
la crescenta-montrose
la crosse
la frayere
la grande
la grande motte
la grange
la grange park
la habra
la madeleine
la manga del ma
la marque
la mesa
la mirada
la palma
la paz
la petite pierre
la porte
la puente
la quinta
la riviera
la roche bernar
la rochelle
la seyne
la spezia
la tour de salvagne
la valette du var
la verne
laasby
laatzen
lacco ameno
lacco ameno ischia
lacey
lackawanna
laconia
ladson
lafayette
lagan
lage geneva
lagny sur marne
lagonissi
lagonissi attikis
lagos
laguardia
laguiole
laguna beach
laguna hills
laguna niguel
lahnstein
lahr
lahti
lake charles
lake city
lake district
lake elsinore
lake forest
lake havasu city
lake jackson
lake magdalene
lake oswego
lake ridge
lake ronkonkoma
lake serene-north lynnwood
lake shore
lake station
lake worth
lake zurich
lakeland
lakeland north
lakeside
lakeville
lakewood
lalonde les maures
lam
lamesa
lamezia terme
lamont
lampertheim
lanaken
lancaster
lancon de provence
landeck
landerneau
landshut
landvetter
langdale
langen
langenargen
langenfeld
langenhagen
langenselbold
langesund
langley park
lanham-seabrook
lannion
lansberg lech
lansdale
lansdowne
lansdowne-baltimore highlands
lansing
lanzarote
lanzo intelvi
laplace
lappeenranta
laramie
laredo
largo
larkspur
larnaca
las cruces
las matas
las palmas
las palmas gran cana
las rozas
las vegas
lasithi
lastrilla
latham
latina
laudenbach
lauderdale lakes
lauderhill
laurel
laurinburg
lausanne
lauterbach
lavagna
lavandou
lavenham
lawndale
lawrence
lawrenceburg
lawrenceville
lawton
laxou
layton
le beausset
le blanc mesnil
le boulou
le cannet
le coudray montceaux
le diamant
le grau du roi
le havre
le lavandou
le mans
le mont pelerin
le mont saint michel
le passage
le pontet cedex
le puy en velay
le subdray
le touquet
le village
league city
lealman
leamington spa
leamingtonspa
leavenworth
leawood
lebanon
lecce
lech am arlberg
lee's summit
leeds
leesburg
leeuwarden
lefkada
lefkas island nikiana
leganes
legden
legemeer
lehigh acres
leicester
leicestershire
leiden
leighton buzzard
leinfelden echterdingen
leipzig
leisure city
leisure village west-pine lake park
leith
leknes
lelystad
lemay
lembruch am duemmer
lemon grove
lemoore
lenexa
lengenfeld
lenggries
lennox
lenoir
lenzerheide
leominster
leon
leon rot
lerida
lerum
les arcs
les baux de pro
les diablerets
les escaldes
les eyzies de tayac
les issambres
les mureaux
les sables d olonne
les sables olonne
les sables orlonne
les tourrettes
lesbos
lescar
lesquin
lesvos
letchworth
letsitele
letterkenny
leubbenau
leukerbad
leutasch
leuven
levallaois perret
levallois perret
levanger
levelland
leverkusen
levernois
levico
levittown
lewiston
lewisville
lexington
lexington-fayette
leysin
lezennes
liberal
liberty
libertyville
librilla
lichfield
lidingo
liege
lienz
liepaja
lifton
lighthouse point
lilienthal
lille
lillehammer
lillestrom
lima
limay
limburg
limburgerhof
limeira
limenas
limerick
limin hersonissou
limoges
linares
lincoln
lincoln park
lincolnia
lincolnwood
linda
lindau
lindberg
linden
lindenhurst
lindenwold
lindgren acres
lindos
lingolsheim
linkoping
lins
linstow
linz
liphook north
lippstadt
lisboa
lisbon
lisieux
lisle
lisse
lithia springs
little falls
little rock
little wymondle
littleton
live oak
livermore
liverpool
livingston
livonia
ljusdal
llanelli
llangefni
llangollen
llansanffraid glan conwy
lloret de mar
lloret mar
llucmajor mallo
llucmajor mallorca
locarno
loch fyne
lochearn
lochem
lockerbie
lockhart
lockport
lodi
logan
logansport
lognes
logrono
lohmar wahlscheid
lohmen
loiano
loipersdorf
lolworth
loma linda
lombard
lomita
lompoc
lonavala
london
londonderry
londrina
long beach
long branch
longmeadow
longmont
longview
longwood
longyearbyen
lons le saulnier
loosdrecht
lorain
lorca
lorica
lorient
lorton
los alamitos
los alamos
los altos
los angeles
los angeles san rafael
los banos
los cristianos
los gatos
los llanos de aridane
los yebenes
loudonville
louisville
lourdes
lourmarin
loutraki
loutraki corinthias
louvain neuve
louviers
loveland
loves park
lowell
lowenstein hosslinsulz
lower burrell
lower dicker
lower slaughter
lowfield heath
lubbock
lubeck
lubeck travemunde
lublin
lucca
lucerne
lucknow
ludhiana
ludwigsburg
ludwigsfelde lowenbruch
ludwigshafen
luebbenau
luebeck
lueneburg
luenen
lufkin
lugano
lulea
lumberton
lund
luneville
lunzenau rochsburg
luoyang
lutherstadt eisleben
lutherstadt wit
lutherville-timonium
luton
lutz
luxembourg
luxembourg city
luynes
luzern
lviv
lynbrook
lynchburg
lyndhurst
lynn
lynnfield
lynnwood
lynwood
lyon
maarssen
maastricht
mableton
macau
macau sar
macclesfield cheshire
maceio
machala
machesney park
machu picchu
machynlleth
macomb
macon
macrigialos
madera
maderia
madison
madison heights
madisonville
madrid
madrid-spain
madurai
magadan
magdeburg
magescq
magna
magnisia
magnitogorsk
magnolia
magny les hameaux
mahabalipuram
mahlow
mahon baleares
maidstone
maillard blois
mainz
makassar
malaga
malang
malden
maldon
mali losinj
mallorca
mallow
malmo
malo
maloy
malpartida plasenci
malvik
mamaroneck
manaba beach
manado
manali
manali hp
manassas
manaus
manchester
mandal
mandan
mandelieu napoule
mangere
manhattan
manhattan beach
manises
manitowoc
mankato
mannheim
manosque
mans
mansfield
manteca
mantova
manukau city
manville
maple grove
maple heights
maple shade
maplewood
mar del plata
maracaibo
maragogi al
maranello
maratea
marbella
marblehead
marchaux
marciaga garda
marcon veneto
mareuil les meaux
margarita
margate
maria alm
maria castellabate
maria laach
maria ricadi
marianske lazne
mariazell
marietta
marignane
marignane cedex
marina
marina camerota
marina di ravenna
marina giuseppe
marina ragusa
marinette
maringa
marino
marion
markelo
market harborough
markfield
markham
markkleeberg
marktheidenfeld
marl
marlborough
marlow buckinghamshire
marlow on thames bucks
marlton
marmaris
marne la vallee
marquette
marrero
marsala
marsannay cote
marseille
marseilles
marshall
marshalltown
marshfield
marston moretaine
martha lake
martinez
martinsburg
martinsville
maryland heights
marysville
maryville
maselheim
masinagudi
mason
mason city
maspalomas
massa lubrense
massa pisana
massapequa
massapequa park
massena
masseria porvica pulsano
massillon
massy
massy cedex
mastic
mastic beach
mata sao joao
mata sao joao sauipe
matalebreras
mataram
matera
matlock
matlock bath
matsuyama
matsuyama shi
mattarello
matteson
matthews
mattinata
mattoon
maubeuge
mauldin
mauls
maumee
maurepas
mawnan smith
mayfield heights
maynard
maynooth
mays chapel
maywood
mazagon
mcalester
mcallen
mccandless township
mccomb
mchenry
mckeesport
mckinleyville
mckinney
mclean
mcminnville
mcpherson
meadville
mechanicsville
mechelen
medan
medford
medina
meerane
meerensee
meersburg
megalichori
megalochori
megeve
mehlville
meiningen
meiringen
meisdorf
meissen
melbourne
meldorf
melendugno le
melmoth
melrose
melrose park
melun richette
melville
melvindale
memmelsdorf
memphis
menasha
mendoza
mengerskirchen probbach
menlo park
menomonee falls
menomonie
menorca
menstrup
menton
mentor
mequon
meran sudtirol
merano
merced
mercedes
mercer island
mercerville-hamilton square
mercues
meribel
merida
meriden
meridian
merignac
merriam
merrick
merrillville
merritt island
merrydale
merseburg
mersin
mesa
meschede
mesnil amelot
mesquite
mestre
mestre venezia
metairie
methoni
mettingen
mettmann
metuchen
metz
meudon foret
meulan
mexico
mexy
miami
miami beach
miami lakes
miami playa
miami shores
miami springs
miamisburg
michaelisdonn
michelino torino
michelstadt
michendorf
michigan city
middle river
middle valley
middleburg
middleburg heights
middlefart
middlesborough
middlesbrough
middlesex
middleton
middletown
middlewich
midhurst
midland
midlands
midleton
midlothian
midrand
midvale
midwest city
miesbach
migliarino pisano
mignaloux
mijas
mikkeli
milan
milano
milford
milford mill
mililani town
mill valley
millan cogoya
millbrae
millburn
millcreek
milledgeville
millington
millstatt
millville
milpitas
miltenberg
milton
milton keynes
milwaukee
milwaukie
minaminaka
minato
minato ku
minato ku to
minden
mineola
mineral wells
minneapolis
minnetonka
minot
minsk
mint hill
mionnay
mira loma
miraflores
miramar
miranda douro
miranda ebro
mirano
mishawaka
mission
mission bend
mission viejo
missoula
missouri city
misurina
mitchell
mitchellville
mito city
mittelkalbach
miyazaki
mo i rana
moberly
mobile
modena
modesto
moenchengladbac
moenchengladbach
moerdijk
moerfelden
moerfelden walldorf
moers
moffat
mogi das cruzes
mogliano veneto
mogreina
moi
moi rana
molde
moline
monaghan
mondariz
moneglia
monemvasia
monetier les bains
monheim
monopoli
monopoli bari
monroe
monrovia
mons en baroeul
monsey
montanejos
montargis
montbazon
montbeliard
montchanin
montclair
monte carlo
monte estoril
monte gordo
monte real
montebello
montecatini terme
montegrotto terme
montepulcaino
montepulciano
monterey
monterey park
monteriggioni
monteriggioni siena
montesilvano
montevideo
montgomery
montgomery village
montieri
montignac
montigny bretonneux
montigny le bretonneu
montpelier
montpellier
montreux
montreux vaud
montrond les bains
montrouge
montsoult
monza
moore
moorestown-lenola
moorhead
moorpark
mora
mora rubielos
moraga town
moreno valley
moreton hampste
morfelden walld
morfelden walldorf
morgan city
morgan hill
morganton
morgantown
morges vaud
morioka
moritz
morris
morristown
mortelle
morton
morton grove
moscow
moscow region
moses lake
mosjoen
moss
moss point
motala
motherwell
motorway
mouans sartoux
mougins
moultrie
mounds view
moundsville
mount clemens
mount holly
mount lebanon
mount pleasant
mount prospect
mount vernon
mountain brook
mountain park
mountain view
mountlake terrace
moutiers
mpumalanga
mragowo
mt abu
mt abu rajasthan
mt hagen
muelheim ruhr
muenster
muenster egmating
muenstertal
mugla
muldersdrift
mulheim an der
mulhouse
mulhouse cedex
mumbai
mumbai bombay
munchen
munchen untermemzing
muncie
mundelein
munhall
munich
municipality of monroeville
municipality of murrysville
munnar
munster
munster handorf
munstertal
mura shimejiri gun okinawa
murchison south island
murcia
murfreesboro
murmansk
murnau
murray
murren
murten meyriez
murten muenchenwiler
muscatine
muskego
muskegon
muskegon heights
muskogee
mussoorie
mussoorie uttar pradesh
mussoorrie
mustang
muttukadu
myconos
mykonos
mykonos drafaki
mykonos island
mykonos island cyclades
myrtle beach
myrtle grove
mysore
mytilene
na kruiningen y
naarden
nacogdoches
naestved
nafplion
nagano
nagasaki
nagasaki prefec
nagaur rajasthan
nagoya
nagpur
naha
nainital
nainital uttar pradesh
nakenstorf
nalagarh
nampa
namur
nan tou county
nanchang
nancy
nanjing
nantes
nanticoke
nantwich
nanuet
napa
naperville
napier
naples
napoli massa lubrense
napoule
nara
narbonne
narita
narita city
narita shi chiba
naruto tokushima
nashua
nashville-davidson
nasik
nasu machi nasu gun
natal
natchez
natchitoches
national city
naturns
naugatuck
navan
navarrete
navplio
naxos
near axbridge
near chippenham
near fort willi
near polegate
neckarstr duisburg
neckarsulm
nederland
needham
needham market
neenah
nelas
nelson
nelspriut
nelspruit
nennig an der mosel
nesbyen
nesconset
nether providence township
neu isenburg
neu ulm
neubradenburg
neuchatel
neuilly
neuilly sur sei
neuilly sur seine
neukirchen vluyn
neuquen
neuss
neuss neuenbaum
neustadt
neustadt glewe
neustadt orla
neustadt pelzerhaken
neuville en ferrain
nevers magnycours
nevsehir
new albany
new bedford
new berlin
new bern
new braunfels
new brighton
new britain
new brunswick
new carrollton
new cassel
new castle
new city
new delhi
new haven
new hope
new iberia
new kensington
new kingman-butler
new london
new milford
new milton
new orleans
new philadelphia
new plymouth
new port richey
new providence
new rochelle
new ross
new smyrna beach
new south wales
new territories
new ulm
new wulmstorf
new york
newark
newberg
newberry
newburg
newburgh
newbury
newburyport
newcastle
newcastle under
newcastle upon
newcastle upon tyne
newington
newlyn penzance
newmarket
newmarket suffolk
newnan
newport
newport beach
newport east
newport hills
newport news
newport pagnell
newquay
newton
newton aycliffe
newton stewart
niagara falls
nice
niceville
nicholasville
nicotera
nicotera marina
niederkassel uckendorf
niedernhausen
niederstotzingen
nierstein
nieuil
nieuweschans
niewitz
niigata
nijmegen
nikiti
nikolaos
niles
nimes
ningbo
niort
nizhny novgorod
nkwalini
noblesville
noerdlingen
nogales
nogent sur marne
nohfelden bosen
noia la coruna
noida
noisy le grand
noizay
nokia
noordhoek
noordwijk
noordwijk aan z
noordwijkerhout
norco
nordenham
norderstedt
norederstedt
norena
norfolk
norheimsund
norland
normal
norman
norridge
norristown
norrkoeping
norrkoping
norrtalje
norten hardenbe
north adams
north amityville
north arlington
north atlanta
north attleborough center
north auburn
north augusta
north babylon
north bay shore
north bellmore
north bergen
north bethesda
north brunswick township
north canton
north charleston
north chicago
north city-ridgecrest
north college hill
north creek-canyon park
north decatur
north druid hills
north fair oaks
north fort myers
north haven
north highlands
north lanarkshi
north las vegas
north lauderdale
north laurel
north lindenhurst
north little rock
north mankato
north marysville
north massapequa
north merrick
north miami
north miami beach
north naples
north new hyde park
north ogden
north olmsted
north palm beach
north plainfield
north platte
north port
north potomac
north providence
north richland hills
north ridgeville
north royalton
north st. paul
north stoke wallingford
north tonawanda
north valley
north valley stream
north versailles
north wales
north wantagh
north weald near epping
northampton
northbrook
northern province
northern territory
northfield
northglenn
northlake
northland
northop hall wales
northport
northumberland
northview
northwich
norton
norton shores
norwalk
norwich
norwood
nottingham
nottinghan
nova lima
novato
novgorod
novi
novi ligure
novo hamburgo
novosibirsk
nowy sarz
nuernberg
nuernberg bayern
nueva esparta
nuneaton
nuremberg
nurnberg
nusa dua
nusa tenggara barat
nutley
nyborg
nykobing falster denmark
nykoeping
nykoping
nylstroom
nymindegab
o'fallon
oak creek
oak forest
oak grove
oak harbor
oak lawn
oak park
oak ridge
oakdale
oakland
oakland park
oakley
oakmere nr ches
oakton
oakville
oamaru
oatfield
oban
oberaula
oberhausen
oberhof
oberkirch
oberkirch oedsbach
oberlahr
oberorke
oberried
oberstaufen
oberstdorf
oberstdorf rubi
obersteigen
oberursel
oberwiesenthal
obihiro
ocala
ocean city
ocean springs
oceanside
ochsenhausen
ocoee
oconomowoc
odense
odenton
odessa
oegstgeest
oeiras
oerebro
oestersund
oeversee flensburg
off alwar
off jaisalmer
off nainital
off rishikesh
offenbach
offenbach am main
offenburg
offutt afb west
ogden
ogdensburg
ogijares pol tecnologic
ohrigstad
oia
oil city
oildale
oisnorand
oisterwijk
oita
ojus
okayama
okehampton
okemos
okiep
okinawa
oklahoma city
okmulgee
okolona
oland
olathe
old bridge
oldbury warley
oldenburg
oldham england
oldmeldrum
olean
oliveira barrio
olney
olsztyn
olten
olympia
olympia heights
omaha
omarama
omiya
onalaska
oneida
oneonta
ontario
onzain
oosterbeek
oosterhout
ootacamund
ootmarsum the
ooty
opa-locka
opelika
opelousas
opole
oppdal
opportunity
orange
orange grove
orangeburg
orangevale
oranjestad
oranjewoud
orchard homes
orchards south
orebro
oregon
oregon city
orem
orgeval
orinda
orkanger
orland park
orlando
orleans
orly aeroport cedex
ormond beach
ornskoldsvik
oroville
orpen road hoedspruit
orselina locarno
orsta
orta san giulio
os
osaka
oshkosh
oskaloosa
oskarshamn
oslo
osnabrueck
osorno
osoyro
ospedaletto di pescantin
ossining
osten
ostend
osterfeld
osterode lerbach
ostfildern
ostia lido
ostrava
ostseebad binz
ostseebad sellin
ostseebad wustrow
ostuni
ostwald
oswego
oswestry
otavalo imbabura
oto
otranto
ottawa
otterburn
ottumwa
oudtshoorn
oughterard
ouistreham
oulu
ouranoupolis
ovar
overland
overland park
overlea
overlook-page manor
oviedo
owasso
owatonna
owensboro
owosso
oxford
oxfordshire
oxnard
oxon hill-glassmanor
oyarzun
oyonnax
ozark
paarl
pacific grove
pacifica
padang
paderborn
padova
padstow
paducah
paestum
paestum capaccio
paestum capacco
paganica
paguera
paihia
paine field-lake stickney
painesville
painswick
paisley
palaiseau
palampur
palatine
palatka
palazzuolo sul senio
palencia
paleo phaliro
palermo
palestine
palinuro
palisades park
palm bay
palm beach gardens
palm coast
palm desert
palm harbor
palm river-clair mel
palm springs
palma de mallor
palma del rio
palma majorca
palma mallorca
palma nova majorca
palmdale
palmerston nort
palmerston north
palmetto estates
palo alto
palos heights
palos hills
palos verdes estates
pampa
pampatar
pamplona
panama city
panarea
panchgani
pancorbo
pande mas kuta
panes
panjim goa
pantin
panza forio
papendrecht
papillion
paradise
paradise valley
paragould
paramount
paramus
parapat
paraty
paray vieille poste
parc roissy roissy
parghelia
parikia
paris
park forest
park ridge
parker
parkersburg
parkland
parknasilla
parkville
parkway-south sacramento
parma
parma heights
parole
paros
parsippany-troy hills township
parsons
parwanoo hp
pasadena
pascagoula
pasco
paso robles
passaic
passau
pasuruan
patamares salvador
patchogue
paterson
paterswolde
patmos
patmos island
patna
patra
pau
pauanui beach
pauillac
paulinia
pawtucket
paxos island
peabody
peachtree city
pearl
pearl city
pearl river
pearland
pecos
pecs
pedemonte
pedro moel
peebles
peekskill
pefkohori
pego
peine
peissen by halle
pekin
pelion
peloponnisos
pembroke pines
pembrokeshire
pencoed
pendleton
peniche peniche
penkridge
penn hills
penne sur huveaune
pennsauken
pennsville
penrith
pensacola
peoria
pequannock township
perdika thesprotia
perg
periguex
perissa
periyar
perols
peronne
perpignan
perrine
perris
perry hall
perrysburg
perth
perth amboy
perthshire
peru
perugia
perumahan danau bogor java
pesaro
pescara
peschici
peschiera borromeo
pessac
petaldi
petallidi
petaluma
peterborough
peterhead
petersburg
petite pierre
petrer
petropolis
petrozavodsk
peyrehorade
pfaffikon
pfinztal sollingen
pforzheim
pforzheim niefern
pfronten
pfullendorf
pharr
phenix city
philadelphia
phillipsburg
phoenix
phoenixville
piacenza
piazza st marco
picardie
picayune
pico rivera
piedmont
pienza
pierre
pietermaritzbur
pietersburg
pikesville
pilar
pilgrims rest
pinamar
pinarella di ce
pine bluff
pine creek
pine hills
pine lake
pinellas park
pineville
pinewood
pinhao
pinole
pinson-clay-chalkville
piqua
piracicaba
pireaus
pirna
pisa
pistoia
piteaa
pitlochry
pittsburg
pittsburgh
pittsfield
pkock
place gare arras
placentia
plainfield
plainview
plan eau vallon autun
plano
plant city
plantation
platja aro
plattenberg bay
plattsburgh
plauen
playa americas adeje
playa aro
playa barla
playa blanca
playa de aro ge
playa de las am
playa del ingles
playa padron estepon
playa san juan
pleasant grove
pleasant hill
pleasant prairie
pleasanton
pleasantville
pleasure ridge park
pleinfeld
plettenberg bay
ploemel
plomari
ploys
plum
plymouth
plymouth township
pobershau
pocatello
poertschach
point pleasant
poio
poissy
poitiers
polizzi generosa pa
poltava
poltu quatu arza chena
pommelsbrunn
pomona
pompano beach
pompano beach highlands
pompton lakes
ponca city
pondicherry
ponferrada
pont a mousson
ponta delgada
ponta pora
pontedera
pontet
pontevedra
pontiac
pontresina
ponzano veneto
poplar bluff
poquoson
porches
pori
porlamar
pornichet
poros
porretta terme
port angeles
port arthur
port blair
port charlotte
port chester
port de cap d ail
port elizabeth
port en bessin
port hueneme
port huron
port lavaca
port lesney
port neches
port orange
port st. lucie
port washington
portage
portage lakes
portales
portals nous
porterville
porticcio
portimao
portland
porto
porto alegre
porto cervo
porto cristo
porto dischia
porto heli
porto rondo
porto segura
porto tinos
porto vecchio
porto velho
portobello birtley
portobuffole trevi
portofina
portovenere
portsmouth
portumna
porvoo
posadas
positano
possidi kassandra
postboks fauske
potomac
potsdam
pottstown
pottsville
poughkeepsie
povoa de varzim
poway
powellhurst-centennial
poznan
prades
prague
prague 2
prague 5 smichov
praha
praha s kobylisy
praia a mare
praia luz
praia mare
prairie village
prat llobregat
prattville
preetz
preganziol
prescott
presque isle
preston
pretoria
preveza
prichard
princeton
prior lake
procida
pronstorf strenglin
propriano corsica
prospect heights
providence
provins
provo
pto de la cruz
pudong
pueblo
puente de la reina
puerto cruz
puerto cruz anzoategui
puerto de la cruz
puerto de pollensa
puerto del carm
puerto maldonado
puerto montt
puerto natales
puerto pollenca
puerto pollensa
puerto santa maria
puerto santiago
puertollano
pulheim
pullman
pune
puno
puno puno
puno titicaca
punta ala
punta del este
punta gorda
punta prima sant
punta umbria
purhus faarup
puri
purmerend
purwakarta west java
pushkar
pushkar rajasthan
putbus wreechen
puteaux
puteaux france
putten
puyallup
qindao
qingdao
qiongshan
quarto d altino
quedlinburg
queensland
queenstown
queensway
queluz
quiberon
quickborn
quimper
quincy
quito
quorn
rabade
racine
radcliff
radda chianti
radefeld
radford
radnor township
ragusa
rahden
rahway
rain am lech
raleigh
rambouillet
rammingen
ramona
ramonville sain
ramsey
rana
ranchi
rancho cordova
rancho cucamonga
rancho palos verdes
rancho santa margarita
ranco varese
randaberg
randallstown
randers
randolph
rantepao south sulawesi
rantoul
rapallo
raphael
rapid city
rascafria
rastatt
rathmullan
ratingen
rauenberg
rauma
raunheim
ravello
ravenna
ravensburg
raytown
reading
reading berkshire
recife
red bank
red bluff
red wing
redan
redding
redford
redhill
redland
redlands
redmond
redondo beach
redwood city
reece
reedley
regensburg
regensdorf
reggio
reggio emilia
reichelshofen
reichenbach
reidsville
reilingen
reims
reinbek
reinhardsachsen
reinsehlen
reisterstown
remscheid
remshalden
renfrew
renfrewshire
rennes
reno
renton
resistencia
reston
retford
rethimnon crete
rethymno
reutte
revere
rexburg
reydarfjoerdur
reydarfjordur
reykjavik
reynoldsburg
rheda wiedenbruck
rheenendal
rheinfelden
rhodes
riace
rialp
rialto
ribeirao preta
ribeirao preto
ricadi
riccarton
riccione
richardson
richfield
richland
richmond
richmond heights
richmond highlands
richton park
ridge
ridgecrest
ridgefield park
ridgeland
ridgewood
rieti
riga
riihimaki
rijssen
rillieux la pape
rimini
rine
ringebu
ringwood
rio claro
rio de janeiro
rio de janerio
rio de la plata
rio quente
rio rancho
riospaso
ripley
riva del garda
river edge
river falls
river forest
river ridge
river rouge
riverdale
riverside
riverton
riverton-boulevard park
riverview
rivesaltes
riviera beach
rivonia
roanne
roanoke
roanoke rapids
robbinsdale
robinson township
robstown
roccastrada
rochdale
roche sur yon
rochecorbon
rochegude
rochelle
rochester
rochester hills
rock hill
rock island
rock springs
rockford
rockledge
rocklin
rockville
rockville centre
rockwall
rocky mount
rocky river
rodenbach
rodez
rodgau
rodigo mantua
rodos
roepersdorf
roessleville
rogers
rogliano
rognan
rohnert park
rohrsdorf chemnitz
roissy
roissy aeroport cedex
roissy en france
roissy france
rold
rolla
rolling meadows
roma
romans
rome
romeoville
romorantin
romsey
romulus
ronchin
ronda
rondonopolis
ronkonkoma
ronneby
ronnenberg
roodepoort
roosevelt
roquebrune cap
roquebrune cap martin
roros
rosario
roscoff
rose hill
rosebank
roseburg
rosedale
roselle
roselle park
rosemead
rosemont
rosenberg
rosengarten sieversen
rosenheim
roses
roseville
roslev
rosmalen
ross township
rossano
rossano cariati marina
rosslare
rostock
rostock warnemuende
rostov on don
roswell
rota cadiz
rotenburg der fulda
rothenburg
rothenburg ob der taub
rothenburg ob der tauber
rotherham
rothrist olten
roto cadiz
rotorua
rottach egern
rottenburg
rotterdam
rottwell
rouen
rouffach
rouilly sacey
round lake beach
round rock
route quiberon auray
rovaniemi
rovigo
rowland heights
rowlett
roy
royal oak
royal palm beach
royken
rubelles
rubidoux
rue des pierres missigaults ch
ruedesheim
ruedesheim am rhein
rueil malmaison
ruesselsheim
ruffre
rugby
rugby warwickshire
ruhstorf
rukatunuri
runcorn
rungis
rushden
russell
russellville
rustington
ruston
rutherford
rutland
ry
rye
saalfeld
saanen gstaad
saarbrucken
saarbruecken
saariselka
saarlouis
saas fee
sabinanigo huesca
sabro
saco
sacramento
saddle brook
safety harbor
saffle
safranbolu
sagard ruegen
saginaw
saginaw township north
saginaw township south
sahalee
saint cloud
saint cyr sur
saint herblain
sainte emilion
sainte luce sur loire
sainte maxime
saks
salamanca
saldanha bay
sale marasino
salem
salerno
salerno paestum
salina
salinas
salisbury
sallanches
salmon creek
salo
salon de provence
salou tarragona
salt lake city
salta
saltash
salthill galway
salvador
salzburg
salzgitter bad
samoode
samos
samphantawong
san agnello
san agustin
san angelo
san anselmo
san antonio
san benito
san bernardino
san bruno
san buenaventura 
san buenaventura (ventura)
san carlos
san carlos de bariloche
san carlos park
san cassiano
san clemente
san cristobal
san diego
san dimas
san fernando
san francisco
san gabriel
san giovanni rotondo
san isidro
san jacinto
san jose
san jose rinc
san juan
san juan capistrano
san lazaro coruna
san leandro
san lorenzo
san lorenzo del
san luis obispo
san marcos
san marino
san mateo
san miguel
san nicolo ricadi
san pablo
san pedro alcantara
san rafael
san ramon
san remo
san sebastian
san sebastian reyes
san vigilio di marebbe
sand springs
sandalfoot cove
sandefjord
sanderstead
sandford on tha
sandnes
sandnessjoen
sandton
sandusky
sandvika
sandviken
sandy
sandy beds
sandy springs
sanford
sanger
sanlucar la mayor
sant cugat del valles
sant joan despi
sant julia de loria
santa ana
santa barbara
santa clara
santa clarita
santa cruz
santa cruz de tenerife
santa eulalia del rio
santa eulalia del rio balearic
santa fe
santa fe springs
santa flavia
santa margherit
santa margherita
santa margherita ligure
santa maria
santa maria feira
santa maria leuca
santa martha bay
santa monica
santa paula
santa ponca
santa rosa
santander
santee
santiago
santiago compostel
santiago compostela
santiago de compostela
santo stefano camast
santorini
santorini island
santos
sanur bali
sanxenxo
sanya
sao bernardo do compo
sao carlos
sao francisco
sao jose do rio preto
sao jose dos campos
sao jose dos pinhais
sao jose rio preto
sao luis
sao luiz
sao paulo
sao paulo campos
sappington
sapporo
sapulpa
saraland
saran
sarasota
sarasota springs
saratoga
saratoga springs
sardinia
sariska
sarmelo padova
saronno
sarpsborg
sarria lugo
sarstedt
sassnitz reugen
saturnia
saugus
saulce sur rhone
saulieu
sault ste. marie
sausheim
sautron
savannah
savellerti fasano
savigny temple
savino ripatransone
sawai madhopur
saxony
sayreville
sayville
scalea
scarperia firenze
scarsdale
schaffhausen
schagen
scharding
schaumburg
scheinbenberg
schenectady
schererville
schermbeck
schertz
scheveningen
schiller park
schillingsfurst
schiltigheim
schiphol
schiphol rijk
schkopau
schladming styria
schleswig
schleswig holstein itzehoe
schmallenberg
schmallenberg westfe
schmallenberg westfeld
schneverdingen
schofield barracks
schonried
schoren merlingen
schwaebisch hall
schwaig
schwaig oberding
schwarmstedt
schwarzenberg
schwarzenbruck
schwarzheide
schwarzmuhle
schwefelberg bad
schweinfurt
schwerin
schwetzingen
sciez sur leman
scope
scotch corner
scotch plains
scotland
scott lake
scott township
scottsbluff
scottsboro
scottsdale
scranton
scritto gubbio
scuol
sdr omme
sea point
sea-tac
seaford
seal beach
searcy
seaside
seattle
sebastian
secaucus
sector huaje puno
secunda
security-widefield
sedalia
seebad bansin
seeheim malchen
seesen
segos
segovia
seguin
sehnde
sehnde hannover
seinajoki
selden
selestat
selfoss
selma
semarang
sendai
senise
sennece les macon
serifos cyclades
service darvault nemours
sesimbra setubal
sestriere
setauket-east setauket
setubal
seu urgell
seven hills
seven oaks
sevenoaks
severn
severna park
sevilla
seville
sevres
seymour
seynod
shaker heights
shakopee
shaler township
shandong
shanghai
shanghani
shannon
shantou
sharon
sharonville
shatin
shawbirch
shawnee
sheboygan
sheffield
sheffild
shelby
shelbyville
shelton
shen zhen
shenandoah
shenyang
shenzhen
shepperton
sherborne
sheridan
sherman
sherrelwood
sherwood
shewsbury
shi jiazhuang
shillong
shiloh
shimla
shimla himachal pradesh
shipley west yo
shipton
shirdi
shirley
shively
shizuoka
shizuoka ken
shoreview
shorewood
shreveport
shrewsbury
shunde
sibari
sibari cassano ionio
sibiu
siderno
sidney
siegburg
siegen
siena
sierksdorf
sierra madre
sierra vista
sigtuna
sikeston
sikinos
sikkim
siliguri
silkeborg
silvassa
silver city
silver lake-fircrest
silver spring
simi
simi valley
simla
simpsonville
sinaia
sindelfingen
sinemoretz
singaraja
sint denijs wes
sintra
sinzig bad bodendorf
sion
sioux city
sioux falls
sipplingen
siracusa
sitges
sithonia chalkidiki
sivota
sjusjoen
skelleftea
skiathos
skien
skillingard
skipton
skitphos
skive
skjervoy
skjetten
skokie
skorping
skovde
skuldelev skibby
sleaford
slenaken
slidell
sligo
slough
slough berkshir
smithtown
smyrna
snellville
snyder
socastee
socorro
soderhamn
soderkoping
sofia
sogndal
sokna
sola
solana beach
solden tirol
solihull
solius
sollefteaa
solna
solo central java
solo city
solon
solothurn
somers point
somerset
somersworth
somerville
sommerfeld
son servera mallorca
sonderborg
sopron
soragna
sorgues
soria
soriso
sorrento
sortland
sosnowiec
souillac
south augusta
south australia
south bend
south bradenton
south burlington
south cave
south charleston
south daytona
south el monte
south euclid
south farmingdale
south gate
south hill
south holland
south houston
south jordan
south lake tahoe
south laurel
south miami
south miami heights
south milwaukee
south normanton
south ogden
south orange
south park township
south pasadena
south patrick shores
south plainfield
south portland
south river
south salt lake
south san francisco
south san jose hills
south shields
south st. paul
south sulawesi
south valley
south venice
south whittier
south yarmouth
southampton
southaven
southbridge
southbroom
southfield
southgate
southglenn
southport
souvala
spain
spalding
spanaway
spanish fork
spanish lake
sparks
spartanburg
sparti
spata
spay
speedway
spencer
spetses
speyer
spindleruv
spittlesea
spitzingsee
spokane
spoleto
spoltore
spring
spring hill
spring valley
springdale
springfield
springville
srinagar
st albans
st amand montrond
st andrews
st anne la palud
st arnaud
st aubin
st avertin
st bonnet le froid
st brelade
st davids park
st denis
st dizier
st etienne
st etienne du rouvray
st fillans
st francis bay
st gallen
st georges
st germain en laye
st helens
st helier
st helier jersey
st jean cap
st jean de braye
st jean de monts
st jean del luz
st jean du cap ferrat
st jean pied de port
st johns
st julia de loria
st just d esver
st lary soulan
st laurent du
st lo
st malo
st martin de belleville
st menet
st michels brugges
st moritz
st moritz celerina
st ouen
st paul de venc
st paul de vence
st pere sous vezelay
st peter port guernsey
st petersburg
st pierre des corps
st pierre du perray
st pierre oleron
st polten
st priest
st quentin sur le homme
st rambert d albon
st remy provence
st saturnin
st saviour
st sulpice
st trojan
st tropez
st victor
st. albans
st. andrews
st. ann
st. augustine
st. charles
st. clair shores
st. cloud
st. dennis
st. george
st. james
st. joseph
st. louis
st. louis park
st. matthews
st. paul
st. peters
st. petersburg
st. simons
sta marta tormes
stade
stadskanaal
stadtallendorf
stafford
staffordshire
staines
stainton
stamford
stamsried
stanford
stanton
stanwell staines
starkville
state college
statesboro
statesville
staunton
stavanger
stavelot
stein rhein
steinheim
steinheim am albuch
steinkjer
steinsland
stellen
stellenbosch cape
stenungsund
stephenville
sterling
sterling heights
steubenville
stevenage
stevens point
stevoort hasselt
stillwater
stirling
stirlingshire
stjordal
stly ost
stockbridge
stockholm
stockholm sweden
stockport
stockton
stockton on tees
stoke on trent
stoke poges
stolberg
stolberg aachen
stolpe
stolpe bei anklam
stoneham
stonehouse
stoney cross
stony brook
stony point
storkow
storrs
storslett
storvorde
stow
stow on the wold
straffan
stralsund
strasbourg
stratford
stratford upon avon
strathpeffer
streamwood
streator
stresa
stromberg
strongsville
stroud
struthers
stuart
stuhr brinkum
sturgis
sturminster newton
stuttgard
stuttgart
stykkisholmur
succasunna-kenvil
suceava
suderburg
suffern
suffolk
sugar land
suhl
suhr
suisun city
suitland-silver hill
sukabumi
sulitjelma
sulphur
sulphur springs
sultanahmet
sultanhmet
sulzberg
summerstrand
summerville
summit
sumter
sun city
sun city west
sun prairie
sun valley
sunbury
sundern altenhellefeld
sundsvall
sunndalsora
sunne
sunny isles
sunnyside
sunnyvale
sunrise
sunrise manor
sunset
superior
surabava
surabaya
surat
suresnes
surrey
suzhou
suzhou jiangsu
suzuka
svarta
svetlogorsk
svingvoll
svitavy
svolvaer
svolvar
swampscott
swansea
sweetwater
swindon
swindon sni
swindon wiltshire
swissvale
sylacauga
sylvania
syosset
syracuse
syros
szczecin
szeged
szekesfehervar
taastrup
taby
tacoma
tagata gun shizuoka ken
tahlequah
tahunanui
taipei
takamatsu
takamgarh
takasaki
takoma park
talladega
tallahassee
tallberg
tallmadge
talloires
tamarac
tamboerskloof
tamiami
tampa
tampere
tamworth
tana
tandhill
tangermuende
tangshan
tanjung benoa
tanndalen
taormina
taormina mare
taplow
taranto
tarboro
targu mures
tarifa
tarm denmark
tarpon springs
tarragona
tarrytown
tasinge
tasmania
tassin la demi lune
taubate
taung station
taunton
taunton somerset
taupo
tauranga
tavistock devon
taylor
taylors
taylorsville-bennion
taylorville
te anau
teaneck
tecklenburg
tegelen
teistungen
telford
telfs
teltow
temecula
tempe
temple
temple city
temple patrick
temple terrace
temuco
tenafly
tenerife
teresina
teresopolis
terneuzen
terni
terrasini
terre haute
terrell
terruggia
terrytown
terryville
tessin
teste
tetbury
tettnang
texarkana
texas city
thanjavur
thann
thasos
thassos
thassos island
the colony
the hague
the village
the western isles
the woodlands
thera
thessaloniki
thibodaux
thionville
thira
thirsk
thiruvananthapuram
thisted denmark
thoiry
thomastown
thomasville
thonon les bains
thornaby
thornton
thousand oaks
thun
tianjin
tierra del fuego
tiffin
tifton
tigard
tillmans corner
timberlake
timberlane
timika
timmendorfer strand
timperley altrincham
tinley park
tinos
tinqueux
tinton falls
tirana
tirol
tirrenia
tirrenia pisa
tiruchirapalli
tiruchirappalli trichy
tisleidalen
titisee neustadt
titusville
tiverton
tivoli
tjoeme
tobolsk
toddington
tokushima
tokyo
toledo
tollbugaten
tollendial
tolo
tonawanda
tonbridge kent
tonder
tonsberg
tooele
topeka
torbole sul garda
tordesillas
torin
torino
torquay
torquay devon
torrance
torre del orso
torre reina
torrelavega
torremolinos
torremolinos malaga
torrent
torres
torrington
torun
totowa
toulon
toulouse
touquet
tourcoing
tours
town 'n' country
towson
toyama
toyko
toyohashi
toyokawa
tracy
tragaki
tralee
tralee kerry
traunreut
traverse city
trebbin
trebon
treillieres
trelew
tremblay en france
tremolat
trent rugen
trentinara
trento
trenton
tres cantos
trevi
treviso
triada
trier
trieste
trinity channel island
trivandrum
trivandrum kerala
trofa
troisdorf
trollhaettan
tromso
trondheim
tropea
tropea parghelia
tropea ricadi
tropea san nicolo
tropea santa domenica
tropez
trosa
troy
trujillo
trumbull
trysil
tshipese
tsimshatsue
tsimshatsui
tsu shi
tualatin
tuban south kuta bali
tuckahoe
tucker
tucson
tucuman
tudela
tudela navarra
tuebingen
tui
tukwila
tulare
tullahoma
tulsa
tunbridge wells
tupelo
turin
turku
turlock
turnu severin
tuscaloosa
tuscany
tuskegee
tustin
tustin foothills
tuy
twentynine palms
twentynine palms base
twin falls
two rivers
tyler
tylstrup
tyrol
tyroon ayrshire
tysons corner
ube
uberlingen andelshofen
ubud
ubud bali
uckfield e sussex
udaipur
uelzen ot veerssen
uerzig
ufa
ukiah
ullswater cumbria
ulm
ulm an der donau
ulm donau
ulm west
ulsteinvik
umberleigh
undeloh
underberg
union
union city
uniondale
uniontown
universal city
university city
university heights
university park
university place
university west
unna
unterhaching
unterreichenbach
unterschleissheim
upington
upland
upper arlington
upper st. clair
uppingham
uppsala
urb roquetas mar
urbana
urbandale
urbino
urgup
urumqi
ury
usaoset
ushuaia
usingen
uslar
usseaux
utica
utrecht
utrecht the
uttar pradesh
uttoxeter
uvalde
uwajima
uzes
vaasa
vacaville
vadnais heights
vaesteraas
vaexjoe
val reuil
val thorens
valbonne
vald isere
valderice
valdosta
valence
valencia
valenciennes
valenica
valery caux
valinda
valkenburg
valladolid
vallejo
valley falls
valley station
valley stream
vallfogona riucorb
vallingby
valparaiso
valtierra
van buren
van der birl park
van wert
vancouver
vandalia
vanersborg
vannes
vantaa
vanves
vara
varanasi
varberg
varde
varese
varetz
varginha
vargoen
varkiza
vasteras
vathy
vaxjo
vaxjo kronoberg
vecindario
vejle
vejle denmark
velbert
velden
velizy
velp
vence
vendenheim
venecia
venecia mestre
venezia
venezia canal rialto
venezia lido
venezia mestre
venezia mestre it
venice
venlo
vennesla
venta banyos
ventersburg
ventnor city
ventura
verbania pallanza
verbier
verden
verden aller
vermilion
vermille
vermillion
verneuil sur avre
vernon
vernon hills
vero beach
vero beach south
verona
versailles
vestavia hills
vetschau spreewald
vevey
viana castelo
viareggio
vibo valentia nicotera
viby
vicenza
vichy
vicksburg
victoria
victorville
vidalia
vidor
viechtach
vielha
vienna
vienne
vierhouten
viernheim
vierzon
vieste
view park-windsor hills
vigarano mainarda
viglia attica
vigo
vijayawada
vikhammer
vila nova de ga
vila nova gaia
vila real
vila velha
vilamoura
vilanova del valles
vilar formoso
vilasenca salou
villa general belgrano
villa park
villa quiieria encarnacion
villabrazaro
villach karnt
villafranca del penades
village mangala
villagonzalo
villajoyosa
villapina lido
villaralbo
villarluengo
villarrica
villars vaud
villasimius sardegna
villefontaine
villejuif cedex
villenave d ornon
villenave ornon
villeneuve d asco
villeneuve d ascq
villeneuve les beziers
villeneuve loubet
villenuve les avignon
villepinte
villers cotterets
villers semeuse
villeurbanne
villiers bel
villingen
villingen schwenningen
vilnius
vimmerby
vina del mar
vincennes
vincent
vinderup
vineland
vinstra
viotias
virginia beach
visakhapatnam
visalia
visby
viseu
vista
vitebsk
viterbo
vitoria
vitrac sarlat
vitrolles
vitznau
vlaardingen
vladivostock
vladivostok
vlieland island
vlijmen
voesendorf
volgograd
volos
vols am schlern
volta redonda
voorburg
vorrepe
voss
vossestrand
vougeot
vouille
voula
vouliagmeni
vouliagmenu
vradal
vufflens chateau
vulcano eolian islands
w bengel
wabash
waco
wade hampton
wadersloh
wadsworth
waeszawa
wahiawa
waikato
wailuku
waimalu
waipahu
waipio
wakayama
wakefield
wakkanai
waldeck
waldenburg
waldorf
walker
walker mill
walla walla
walldorf
wallingford
wallingford center
wallington
wallisellen
walnut
walnut creek
walnut park
walsall
walsrode
waltham
wanaka
wanganui
wangen
wantagh
wantzenau
ware hertfordsh
waren
warendorf
warmbaths
warminster
warnemuende
warner robins
warren
warrensburg
warrensville heights
warrenville
warrington
warrington cheshire
warsaw
warstein hirschberg
warwick
warwickshire
warzaw
wasco
washington
wasquehal
wassertruedingen
watauga
waterbury
waterford
waterloo
watertown
waterville
watervliet
watford
watford herts bg
watsonville
waukegan
waukesha
wausau
wauwatosa
waverly
waxahachie
waycross
wayne
waynesboro
weatherford
webster
webster groves
weehawken
weggis
weikersheim
weil am rhein
weimar
weimar legefeld
weinboehla
weingarten
weinheim
weirton
weiskirchen
weissbad
weissenburg
weissenfels
wekiva springs
welby
wellesley
wellington
wellington somerset
wels
welwyn
wembley
wenatchee
wenden
wengen
wernberg koebli
wernigerode
wesel
wesenberg moeklenburg
weslaco
west allis
west augusta
west babylon
west bend
west bloomfield township
west caldwell
west carnforth
west carrollton city
west carson
west chester
west chicago
west columbia
west covina
west des moines
west drayton
west fargo
west freehold
west hartford
west haven
west hempstead
west hollywood
west islip
west java
west jordan
west lafayette
west lake stevens
west linn
west little river
west memphis
west mifflin
west milford
west monroe
west new york
west norriton
west odessa
west orange
west palm beach
west park
west paterson
west pensacola
west pittsburg
west puente valley
west sacramento
west seneca
west springfield
west st. paul
west sumbawa re
west sussex
west university place
west valley city
west warwick
west whittier-los nietos
westbrook
westbury
westchester
westcliff on the sea
wester ross
westerland
westerlo
westerly
western australia
western springs
westerstede
westerville
westfalen witten
westfield
westlake
westland
westminster
westmont
weston super mare
westport
westwego
westwood
westwood lakes
wetherby
wethersfield
wetzlar
wexford
weybridge surrey
weymouth
whangarei
wheat ridge
wheatley
wheaton
wheaton-glenmont
wheeling
white bear lake
white center-shorewood
white oak
white plains
white river
white river mpumalanga
white settlement
whitefish bay
whitehall
whitehill way swindon
whitewater
whitley reading
whittier
wichita
wichita falls
wickliffe
wicklow
widnes
wiehl
wien
wiesbaden
wigan
wilderness
wildeshausen
wildomar
wilhelmshaven
wilkes-barre
wilkinsburg
willebadessen
williamsburg
williamsport
williamstown
willimantic
willingboro
willingen
willingen usseln
williston
willmar
willoughby
willow grove
willowbrook
willowick
wilmette
wilmington
wilmington island
wilson
wilton manors
wiltshire
winchester
windeck schladern
windermer
windermere
windhagen
windsor
windsor locks
winfield
wingst
winnetka
winona
winston-salem
winter haven
winter park
winter springs
winterbach
winterberg neuastenberg
winterscheid
winthrop
wirral
wirsberg
wisconsin rapids
witbank
witney oxfordsh
wittem
witten
wittmund
woburn
woerden
woerlitz
woippy
woking surrey
wolf trap
wolfenbuettel
wolfsburg
wolfshausen marburg
wolverhampton
wood dale
wood river
woodbridge
woodburn
woodbury
woodhaven
woodinville
woodland
woodlawn
woodlyn
woodmere
woodridge
woodstock
woodstock oxfordshire
woodward
woonsocket
wooster
wootton bassett wiltshire
worcester
worcestershire
worchestershire
worksop
worth
worthington
wotton under edge
wrackaw
wrexham
wright
wrockan
wroclaw
wuerzburg
wuhan
wunnenberg bleiwasche
wuppertal
wurzburg
wuxi
wuxi jiangsu
wyandotte
wyckoff
wyoming
xanten
xativa
xenia
xi an sh
xiamen
xian
xinjiang
xylocastro
yaiza
yakima
yakutsk
yalta
yalta crimea
yamagata
yankton
yarm
yazoo city
yeadon
yffiniac
yogyakarta
yokohama
yokosuka
yonkers
yorba linda
york
youngstown
ypsilanti
yuba city
yucaipa
yucay ururamba
yucca valley
yukon
yuma
yuzhno sakhalinsk
zaandam
zabrze
zac atlantis saint herblain
zac du port
zafra
zagreb
zakinthos
zakynthos
zambrone
zamora
zanesville
zaporozhye
zaragoza
zarauz
zaventem
zeegse
zeist
zell am see
zermatt
zeven
zhengzhou
zhuhai
zielona gora
zierikzee
zinnowitz
zion
zirndorf
zoetermeer
zossen
zuerich
zug
zuidlaren
zuiphen
zurich
zurs
zurzach
zweibrucken
zwickau
zwiesel germany
zwolle
